Date,Course_ID,Student_ID,Engagement_Score,Performance_Score,Activity_Type,Completion_Flag,Dropout_Flag,Feedback_Score,Demographic_Info
2022-09-01,C105,1034,4.023797881062297,96.4533078634384,Discussion,1,1,5,18-24
2022-09-02,C101,1050,7.549941458929762,52.676481010365904,Discussion,1,1,2,25-34
2022-09-03,C104,1020,8.33679455782882,59.081119732284414,Video,1,1,1,45+
2022-09-04,C104,1043,2.958965591119646,55.61121579141442,Text,1,1,1,25-34
2022-09-05,C104,1000,9.76436827161385,59.6667320383457,Discussion,0,1,3,35-44
2022-09-06,C102,1066,2.461221531214001,67.33039053045859,Discussion,1,1,5,35-44
2022-09-07,C104,1097,3.6175681599106833,75.32658413113118,Video,1,0,3,18-24
2022-09-08,C103,1012,2.6181576175018746,81.47306135045761,Text,1,1,1,45+
2022-09-09,C105,1015,4.10955090720701,86.60711095698507,Video,1,1,2,18-24
2022-09-10,C101,1033,5.3205479903868005,94.50557706929035,Project,1,1,5,45+
2022-09-11,C101,1023,5.699582821019072,99.45442186148954,Video,1,1,4,25-34
2022-09-12,C105,1012,8.682454380666448,83.14282392785599,Text,0,1,2,45+
2022-09-13,C103,1005,9.005031179342799,92.26822593338815,Discussion,1,1,1,25-34
2022-09-14,C102,1038,2.9809347470281575,88.90194234623495,Discussion,1,0,5,18-24
2022-09-15,C101,1001,6.606046289671772,65.3766019609356,Quiz,1,1,1,18-24
2022-09-16,C102,1010,2.0034645156884405,93.78461351174614,Video,1,1,1,18-24
2022-09-17,C102,1006,5.130728741638615,52.13815689738994,Discussion,1,1,4,18-24
2022-09-18,C101,1006,3.9010018424195634,50.01836718757289,Project,1,1,1,25-34
2022-09-19,C102,1038,3.8485067090824576,63.68663146942321,Discussion,1,1,1,45+
2022-09-20,C105,1075,5.343258175408909,73.1048764813725,Project,0,1,1,35-44
2022-09-21,C104,1085,7.568448719763408,81.91814475003386,Discussion,1,1,4,35-44
2022-09-22,C101,1050,1.6226439291315056,55.08851332722724,Discussion,1,1,3,18-24
2022-09-23,C104,1051,8.91256003918664,83.650506691742,Text,1,1,1,18-24
2022-09-24,C101,1002,7.61332397167505,90.09079335298473,Discussion,0,1,1,35-44
2022-09-25,C103,1076,2.5884945000015414,59.26564597896834,Project,1,1,2,25-34
2022-09-26,C104,1029,9.452448181786334,70.7562627415897,Text,1,1,5,25-34
2022-09-27,C101,1009,5.556810016210497,75.99924949766549,Discussion,1,1,5,45+
2022-09-28,C102,1072,9.998277203052687,72.59035090422404,Text,1,1,5,45+
2022-09-29,C104,1005,2.775335268706639,89.99149654442353,Discussion,1,1,5,18-24
2022-09-30,C104,1053,5.814173785448812,98.02611990596654,Quiz,0,1,5,18-24
2022-10-01,C104,1065,3.612232383039356,89.947658200409,Text,0,1,2,35-44
2022-10-02,C101,1043,3.737562016503219,53.89964089379123,Project,1,1,4,45+
2022-10-03,C102,1079,6.319588427505912,90.24677860795636,Quiz,0,1,5,18-24
2022-10-04,C102,1062,9.2954716018375,53.32981661177756,Discussion,1,1,2,35-44
2022-10-05,C102,1076,8.247374700212575,61.7985192620785,Discussion,1,1,2,25-34
2022-10-06,C101,1047,7.515472586511933,57.654844841786144,Quiz,0,1,1,45+
2022-10-07,C103,1076,6.03256403891532,59.87595534230427,Video,1,1,5,18-24
2022-10-08,C105,1021,9.30068653300703,76.41575635286753,Quiz,1,1,2,45+
2022-10-09,C104,1018,5.431252660217957,83.58449288054268,Project,1,1,2,45+
2022-10-10,C104,1089,8.864489605012464,73.51606411680206,Discussion,0,1,2,35-44
2022-10-11,C103,1013,8.505834794889687,97.98478195146218,Text,1,1,2,18-24
2022-10-12,C105,1094,2.924518121214279,62.01461600150833,Video,1,1,3,45+
2022-10-13,C103,1092,7.941029166693192,88.15701151273964,Text,1,1,2,45+
2022-10-14,C101,1085,1.1095404124893289,93.50910892535742,Quiz,1,1,4,18-24
2022-10-15,C101,1006,3.9054658379327876,78.10330553773596,Discussion,0,1,4,45+
2022-10-16,C105,1048,3.066107002227548,72.81112509807765,Project,1,1,5,35-44
2022-10-17,C101,1040,5.561766626385821,79.80922233896219,Quiz,0,1,5,45+
2022-10-18,C105,1026,7.631678455127069,71.44048850801715,Quiz,1,1,5,18-24
2022-10-19,C102,1030,1.879087307029517,77.75969411616848,Text,1,1,2,35-44
2022-10-20,C105,1005,5.634299817430915,70.84669760644007,Text,1,1,5,45+
2022-10-21,C102,1015,9.445708195249471,70.0234855147067,Discussion,1,1,5,18-24
2022-10-22,C103,1063,3.0578189588465094,84.76732340697649,Text,1,1,4,18-24
2022-10-23,C103,1037,7.094270297002817,54.6425606533984,Video,0,1,5,18-24
2022-10-24,C101,1059,6.335922437030418,58.32710363644104,Discussion,0,1,1,45+
2022-10-25,C102,1095,1.09057326090484,92.5599235857502,Project,1,1,2,35-44
2022-10-26,C102,1096,5.2824357627150045,88.5538673407594,Video,1,1,2,45+
2022-10-27,C102,1080,7.378933518469438,64.07268636471969,Quiz,0,0,2,18-24
2022-10-28,C102,1032,1.3957788882168154,68.863446633288,Text,1,1,1,25-34
2022-10-29,C104,1062,8.91569334721357,96.30132533142402,Project,0,1,3,35-44
2022-10-30,C104,1010,5.680732749721058,90.90386125869307,Discussion,1,1,3,25-34
2022-10-31,C103,1012,1.2759494349314613,80.71731499898155,Text,1,1,4,25-34
2022-11-01,C104,1093,3.019722507287562,61.07450894014789,Video,1,1,3,35-44
2022-11-02,C101,1064,9.583081267845817,52.21259856576348,Quiz,0,1,1,35-44
2022-11-03,C104,1029,6.240877597468498,71.56289234209491,Quiz,0,1,4,45+
2022-11-04,C105,1090,1.9672531099192407,83.6313569628731,Text,1,1,2,25-34
2022-11-05,C102,1022,3.5879005205250536,91.42402452589258,Discussion,1,1,5,45+
2022-11-06,C103,1019,5.110332632744358,92.63445028711347,Discussion,1,1,2,45+
2022-11-07,C105,1005,1.1885506234095742,51.638795064668166,Text,1,1,5,45+
2022-11-08,C104,1036,4.704539622523829,62.20785169184397,Text,0,1,5,35-44
2022-11-09,C105,1083,5.405127718912283,66.95472942387015,Text,1,1,2,25-34
2022-11-10,C105,1005,3.19310087753109,59.436610547969295,Project,1,1,1,18-24
2022-11-11,C105,1092,6.297751002627879,90.14876891819189,Text,1,0,2,35-44
2022-11-12,C104,1076,7.779161076329592,88.37328815424712,Project,1,0,1,35-44
2022-11-13,C105,1026,3.1225080169507193,75.84165201904854,Video,1,1,3,25-34
2022-11-14,C105,1083,6.58449910251989,99.14632389979278,Text,1,1,3,25-34
2022-11-15,C105,1012,6.7566001866736745,57.202927054542116,Text,1,1,2,25-34
2022-11-16,C101,1007,9.53686271015957,94.98258516638344,Discussion,1,1,1,25-34
2022-11-17,C105,1052,8.004485505667994,55.82316270809581,Text,1,1,2,25-34
2022-11-18,C104,1080,8.635107428110054,58.15908527570603,Project,1,1,1,18-24
2022-11-19,C103,1029,5.413779175926476,84.81096001253094,Project,1,1,1,45+
2022-11-20,C101,1000,2.6681372828144454,55.478484602084464,Text,1,1,2,45+
2022-11-21,C102,1087,9.962337636636715,78.29225477093554,Project,1,0,1,35-44
2022-11-22,C102,1079,2.1642018493482964,71.01167682363268,Text,1,1,1,45+
2022-11-23,C104,1074,5.243115874188389,86.42369827705075,Video,1,1,4,45+
2022-11-24,C101,1003,1.6128378931789595,95.03376194044326,Project,1,1,4,45+
2022-11-25,C101,1061,9.494657716157375,88.49357573345277,Project,0,1,5,18-24
2022-11-26,C102,1067,9.684324467635957,92.48449382105942,Project,1,0,1,18-24
2022-11-27,C103,1016,7.474501558035762,51.64727242656162,Project,1,1,5,45+
2022-11-28,C105,1073,4.14993559267152,65.50977491221016,Text,1,1,3,25-34
2022-11-29,C103,1084,3.289441610058619,75.77165433431662,Text,1,1,1,45+
2022-11-30,C101,1056,3.3877299208334266,70.79766573148898,Video,1,1,3,25-34
2022-12-01,C104,1062,2.145646228780673,61.56274764898442,Text,1,1,4,35-44
2022-12-02,C103,1056,5.732280577690506,65.39370489800116,Project,1,1,3,25-34
2022-12-03,C103,1048,2.2763554813132973,97.27154851958029,Video,0,1,3,18-24
2022-12-04,C101,1017,3.8505759989811064,64.70904399356758,Quiz,1,1,2,35-44
2022-12-05,C102,1057,6.640358283631944,67.69520550898929,Discussion,1,0,1,18-24
2022-12-06,C101,1009,7.547892486316749,50.185488687500936,Video,0,1,1,18-24
2022-12-07,C103,1062,1.218454341598551,92.25388136389373,Discussion,1,1,5,18-24
2022-12-08,C103,1079,4.871043859390659,57.74203517007883,Project,0,1,3,45+
2022-12-09,C104,1078,6.869121353579251,60.207213775686306,Quiz,0,1,4,18-24
2022-12-10,C103,1033,8.679213785426615,62.76322585460128,Discussion,1,0,4,18-24
2022-12-11,C104,1004,5.277923039908742,94.23110284224214,Video,1,1,3,18-24
2022-12-12,C103,1016,9.722852845459167,60.32257056231573,Text,1,1,2,45+
2022-12-13,C102,1071,3.3906929278730256,89.87631804339699,Discussion,1,1,3,45+
2022-12-14,C103,1062,1.1215783596404698,90.40246701614522,Text,1,1,3,18-24
2022-12-15,C104,1023,5.353775782315625,96.35102843931979,Discussion,1,1,4,18-24
2022-12-16,C104,1091,3.3050241551801616,55.7780656800157,Project,1,1,3,35-44
2022-12-17,C104,1007,8.413459048208525,60.86394861689157,Text,0,1,5,18-24
2022-12-18,C103,1022,3.094954049630009,87.14491460403606,Quiz,1,1,4,25-34
2022-12-19,C104,1098,3.795662964621757,59.800037714036954,Video,1,1,4,45+
2022-12-20,C105,1030,8.121046879172011,64.31647734367245,Quiz,1,1,2,35-44
2022-12-21,C102,1080,7.43628926822824,58.337079005568135,Discussion,1,1,3,25-34
2022-12-22,C103,1027,6.022461129915363,58.63483430775246,Discussion,1,1,4,18-24
2022-12-23,C104,1047,7.344532557304835,74.07766773141029,Quiz,1,1,3,35-44
2022-12-24,C102,1011,4.767731772130238,55.48415310564793,Discussion,1,1,1,35-44
2022-12-25,C103,1087,1.0477904285320103,66.08488092318112,Project,1,1,2,45+
2022-12-26,C102,1078,1.102196156609733,71.32969547994395,Video,1,1,4,25-34
2022-12-27,C105,1030,5.60099608816318,51.22740582619888,Project,1,1,5,35-44
2022-12-28,C103,1090,1.749618817470993,69.41665832372263,Text,1,1,2,45+
2022-12-29,C104,1034,1.459679321523311,54.706121804275845,Video,0,1,3,25-34
2022-12-30,C101,1054,9.68964975223726,74.67892655730883,Video,0,0,2,45+
2022-12-31,C104,1081,8.731023756922527,91.28690942785482,Discussion,1,1,1,45+
2023-01-01,C103,1035,2.368245044886126,90.92110810908936,Text,1,1,2,35-44
2023-01-02,C104,1071,1.0059779673118405,54.02242577687002,Quiz,1,1,4,45+
2023-01-03,C101,1059,9.475010158507807,80.06138788372601,Text,1,1,1,35-44
2023-01-04,C101,1037,3.5049276848810287,91.72931909856182,Quiz,1,1,3,18-24
2023-01-05,C101,1068,2.6730784256994777,61.89862714673177,Text,1,1,1,18-24
2023-01-06,C104,1053,7.223572970483818,88.09632557247996,Text,1,1,5,18-24
2023-01-07,C103,1013,1.9801336495719357,94.53821732250466,Quiz,1,1,2,18-24
2023-01-08,C104,1019,3.381846382025203,90.3062075720222,Project,1,1,3,25-34
2023-01-09,C101,1008,9.775852121908418,55.365051575775226,Discussion,1,1,4,35-44
2023-01-10,C105,1096,6.755164970266092,50.452999976119244,Discussion,1,1,5,35-44
2023-01-11,C101,1081,5.686100123342982,59.58620549609228,Discussion,1,1,2,18-24
2023-01-12,C101,1069,4.581267533514439,63.52386704733116,Quiz,1,1,4,45+
2023-01-13,C103,1001,7.970508593957818,80.80914953079798,Discussion,1,1,5,35-44
2023-01-14,C104,1029,2.2686172887132434,69.21365876211593,Video,1,1,2,18-24
2023-01-15,C103,1005,9.70604021833284,85.17035153307367,Text,0,0,4,45+
2023-01-16,C104,1080,8.75010707259208,67.65374802608044,Quiz,0,0,3,18-24
2023-01-17,C101,1040,6.558912843123189,57.72127123273002,Quiz,1,0,2,35-44
2023-01-18,C101,1022,1.3861557136230234,65.63449217430176,Video,1,1,4,18-24
2023-01-19,C101,1030,7.30770084502964,94.21621131945675,Text,1,1,5,45+
2023-01-20,C104,1019,9.219559067969328,97.92661721225325,Discussion,1,1,3,25-34
2023-01-21,C101,1004,5.721193607307634,60.37563670336842,Quiz,0,1,5,18-24
2023-01-22,C103,1020,4.188023396445365,89.42341935122207,Quiz,0,1,3,18-24
2023-01-23,C103,1074,2.0824961048152266,63.66743682699354,Quiz,0,0,4,25-34
2023-01-24,C101,1067,7.794109937238114,94.35657717157038,Quiz,1,1,2,45+
2023-01-25,C105,1086,8.965196660906257,58.27728063981277,Quiz,1,1,4,18-24
2023-01-26,C104,1060,1.9022656966826372,83.29799593470284,Quiz,1,1,5,18-24
2023-01-27,C105,1093,7.830860992771077,54.21056323565912,Video,0,1,1,45+
2023-01-28,C101,1041,1.1535443763318776,98.69466619869348,Quiz,1,1,4,18-24
2023-01-29,C105,1040,9.703494262694976,85.03166723202715,Project,1,1,3,45+
2023-01-30,C104,1060,6.535522185715866,92.09078697025426,Text,1,1,5,25-34
2023-01-31,C104,1081,5.971951530924699,78.33346696815173,Text,1,1,4,45+
2023-02-01,C105,1051,3.6635485023003502,73.84006819644301,Discussion,1,1,5,18-24
2023-02-02,C102,1040,9.363625044128051,81.09411956971826,Quiz,1,0,3,45+
2023-02-03,C104,1059,3.393150646031119,76.4370755849724,Quiz,0,0,3,18-24
2023-02-04,C101,1094,8.453319518950254,73.46921775725765,Video,1,1,3,35-44
2023-02-05,C101,1029,9.865978114034188,87.97251257288214,Project,0,1,2,25-34
2023-02-06,C101,1097,8.050569809633252,58.91004774696341,Text,1,1,4,25-34
2023-02-07,C102,1094,5.670909283477886,58.558602407757924,Text,1,1,2,45+
2023-02-08,C101,1037,1.5946683746650474,71.59213253248531,Discussion,0,1,3,25-34
2023-02-09,C105,1088,5.251724102539657,66.0373958022473,Quiz,1,1,1,18-24
2023-02-10,C102,1016,4.944303522745332,53.70622589565121,Video,1,1,4,25-34
2023-02-11,C104,1099,2.8251643706829572,92.22352462093671,Discussion,1,1,4,25-34
2023-02-12,C102,1039,4.81228873042874,88.58014033471748,Discussion,1,1,5,18-24
2023-02-13,C101,1029,4.219820956723049,77.19607499014924,Discussion,1,1,2,35-44
2023-02-14,C101,1065,2.4731583503648364,98.96622686321845,Video,1,1,1,45+
2023-02-15,C105,1023,4.972367289992375,53.630003327380265,Video,1,1,2,25-34
2023-02-16,C104,1072,3.3651996069204015,88.33346505139374,Quiz,1,1,2,25-34
2023-02-17,C104,1000,5.698561786140379,63.31851958045484,Video,1,1,3,25-34
2023-02-18,C102,1087,1.3164405374457475,68.42994599717878,Discussion,0,1,4,25-34
2023-02-19,C101,1037,9.156082778085558,60.96396926015338,Quiz,1,1,2,18-24
2023-02-20,C101,1063,8.347278749678704,89.45189457309326,Discussion,0,1,1,25-34
2023-02-21,C102,1026,5.973231992594541,57.2120051010783,Discussion,1,1,4,18-24
2023-02-22,C103,1089,8.666277244815188,92.0008348867639,Text,1,1,4,45+
2023-02-23,C101,1089,9.661555664297204,83.07888241149169,Video,1,1,2,18-24
2023-02-24,C104,1006,1.994700646473945,52.951162263455736,Text,1,1,2,45+
2023-02-25,C102,1088,6.677486275688234,90.54908658000767,Text,1,1,1,35-44
2023-02-26,C102,1079,9.981946008420927,81.38778580814898,Discussion,0,0,1,25-34
2023-02-27,C105,1041,9.891002524001735,95.24911597891708,Video,1,1,4,25-34
2023-02-28,C101,1017,6.429906930616701,87.43611532043191,Discussion,1,0,5,25-34
2023-03-01,C101,1080,2.15218783405735,78.05604637148875,Project,1,1,4,35-44
2023-03-02,C104,1043,6.248735478914754,91.82735903095988,Discussion,1,1,5,25-34
2023-03-03,C103,1069,1.0185817201697955,63.902511915061105,Discussion,1,1,1,45+
2023-03-04,C104,1019,2.7902020120017363,77.34750309222818,Video,0,1,3,18-24
2023-03-05,C103,1022,9.60510843603964,64.68084099017051,Discussion,0,1,2,25-34
2023-03-06,C105,1011,3.9739651534255946,98.41021955452544,Discussion,0,1,2,35-44
2023-03-07,C104,1011,6.745510951992537,61.30981504210032,Text,0,1,2,25-34
2023-03-08,C104,1033,3.527735451690184,50.786911983523126,Discussion,1,1,5,35-44
2023-03-09,C101,1007,9.530396984004305,66.29274210018981,Video,1,1,5,25-34
2023-03-10,C104,1026,7.557028569545381,75.12546984849024,Text,1,1,4,35-44
2023-03-11,C101,1048,3.9668604182327134,51.41814671150375,Quiz,1,1,1,25-34
2023-03-12,C105,1071,8.125852790623338,77.96241500169536,Quiz,1,1,3,25-34
2023-03-13,C103,1054,1.9734897202870387,93.7141387475615,Discussion,0,0,5,45+
2023-03-14,C104,1096,4.530870460589135,85.2366097208335,Text,0,1,4,35-44
2023-03-15,C105,1082,2.990963149584331,81.14841614891522,Project,0,1,4,45+
2023-03-16,C101,1087,7.1535380254844165,97.79808753541256,Quiz,0,1,1,25-34
2023-03-17,C103,1021,1.9220165359473733,97.91396669210529,Text,1,1,4,35-44
2023-03-18,C104,1002,4.573232490544067,91.21332348516142,Quiz,1,1,3,45+
2023-03-19,C104,1008,3.4898475718827062,80.38709236929255,Text,1,1,1,25-34
2023-03-20,C102,1010,5.557086273914237,74.38822797488534,Discussion,1,1,2,45+
2023-03-21,C104,1005,4.149079124534911,50.665805662323365,Text,0,1,3,18-24
2023-03-22,C105,1038,7.357695199003099,80.31309531132707,Text,1,1,2,35-44
2023-03-23,C104,1038,1.2211932187626946,99.45440376784269,Video,0,1,3,35-44
2023-03-24,C104,1065,6.705882291753167,90.90505250120145,Discussion,1,1,2,25-34
2023-03-25,C102,1059,3.07514160724438,67.0302321942176,Project,1,1,4,45+
2023-03-26,C102,1036,3.418381258811644,57.6023512522211,Quiz,0,1,5,45+
2023-03-27,C102,1005,8.202300432251711,89.20293072335771,Text,0,1,5,45+
2023-03-28,C104,1005,9.600115545823787,87.19689103158707,Text,1,1,3,18-24
2023-03-29,C103,1038,3.8489518902437796,98.35233959896615,Discussion,1,1,2,35-44
2023-03-30,C103,1035,8.441247433321681,93.74211809696695,Video,1,1,3,18-24
2023-03-31,C105,1088,1.9359175417410979,77.78313126362038,Quiz,1,1,4,45+
2023-04-01,C104,1049,6.705834877066449,55.064212348237106,Project,1,1,5,35-44
2023-04-02,C102,1079,7.759290695814269,74.175032919198,Text,1,1,2,25-34
2023-04-03,C103,1084,2.4038013523101087,65.68475270111585,Video,1,1,2,18-24
2023-04-04,C104,1009,4.834021489026045,75.620424101242,Quiz,1,1,4,45+
2023-04-05,C102,1004,9.034364478240834,65.08507873198266,Quiz,1,1,5,18-24
2023-04-06,C105,1049,1.9322061710353498,93.0911495987798,Project,0,0,2,45+
2023-04-07,C103,1024,1.1628672238132762,92.2163506991411,Discussion,1,0,5,45+
2023-04-08,C103,1094,6.315268411431403,65.77325785835279,Quiz,0,1,1,45+
2023-04-09,C101,1002,4.919783864778401,79.97906731869975,Quiz,1,1,3,35-44
2023-04-10,C102,1083,8.188203239955124,71.50904288195271,Project,0,0,4,18-24
2023-04-11,C101,1003,9.31109984383696,95.45463785142816,Text,1,1,2,45+
2023-04-12,C105,1077,3.692382800894345,59.36804507131614,Discussion,1,1,1,45+
2023-04-13,C101,1011,4.495637054521947,84.88642008924796,Project,1,1,2,25-34
2023-04-14,C104,1013,5.376448776963834,98.51876639186082,Text,1,1,1,18-24
2023-04-15,C103,1081,6.293363143917694,58.763775978154506,Project,1,1,1,18-24
2023-04-16,C101,1026,9.85468446713455,60.09832142121016,Project,1,1,5,25-34
2023-04-17,C101,1070,7.275972257470464,84.68616693361139,Project,1,1,4,45+
2023-04-18,C102,1047,4.505936566110119,88.9576962262457,Video,1,1,2,18-24
2023-04-19,C102,1098,3.3739091780541592,74.52745273969664,Project,1,1,3,18-24
2023-04-20,C101,1021,9.501631465799116,80.48432325735607,Text,1,1,4,25-34
2023-04-21,C104,1020,2.2199358979765575,60.63412044059144,Text,1,0,3,25-34
2023-04-22,C101,1042,7.482392672542822,73.8307114283663,Quiz,1,1,2,18-24
2023-04-23,C104,1057,9.328555227631966,55.60359404374576,Video,1,1,2,25-34
2023-04-24,C101,1017,6.981990278809947,66.07109626378323,Text,1,1,3,18-24
2023-04-25,C105,1089,4.80748996149509,64.23898525154772,Video,1,1,2,45+
2023-04-26,C105,1085,2.790918459329356,72.231268005121,Quiz,1,1,1,45+
2023-04-27,C101,1055,4.307277900267345,96.50631811218484,Video,1,1,1,35-44
2023-04-28,C102,1068,7.361846284781098,59.06338310739212,Text,1,1,2,35-44
2023-04-29,C104,1098,6.845808017577672,70.06941233123602,Discussion,1,1,5,45+
2023-04-30,C105,1011,9.35178549938522,80.77986095548223,Video,0,1,2,18-24
2023-05-01,C104,1098,8.801748222934375,97.32785430370008,Video,1,1,2,18-24
2023-05-02,C103,1097,8.345356770397315,56.65740957678841,Discussion,0,1,3,18-24
2023-05-03,C102,1019,9.20305787815686,95.89383084965567,Project,0,1,1,25-34
2023-05-04,C102,1011,3.4870343746334447,54.05268943170308,Discussion,0,0,5,18-24
2023-05-05,C103,1097,4.3257118612568455,74.03706985801323,Project,1,1,1,45+
2023-05-06,C102,1025,4.419045134074157,72.72949336152413,Discussion,0,1,5,25-34
2023-05-07,C105,1097,6.044055298388022,60.48013644385978,Video,1,1,4,45+
2023-05-08,C103,1095,7.013964065884939,67.37298340579237,Project,1,1,4,25-34
2023-05-09,C105,1045,3.580450147363549,72.7082634174199,Project,1,1,5,18-24
2023-05-10,C105,1006,1.1751622057837032,93.26057314553147,Discussion,1,1,2,35-44
2023-05-11,C103,1089,4.593001452921183,97.75320726867798,Video,1,1,1,45+
2023-05-12,C104,1088,3.7767516359896045,75.94628393185826,Video,1,1,3,18-24
2023-05-13,C104,1038,9.479662471162431,93.50498951472109,Video,1,1,4,35-44
2023-05-14,C102,1051,8.994385364896392,80.40857928383898,Project,1,0,3,25-34
2023-05-15,C103,1016,8.742796105090775,67.45436709938377,Project,1,1,2,35-44
2023-05-16,C105,1023,6.876997848507187,59.70971038067346,Project,1,0,5,18-24
2023-05-17,C104,1090,4.09860248229045,70.65673858913824,Video,1,1,3,35-44
2023-05-18,C104,1003,5.939643406593743,76.14121414619238,Quiz,1,0,2,35-44
2023-05-19,C102,1090,8.337025366447355,52.222169412977806,Quiz,1,1,2,18-24
2023-05-20,C102,1046,1.8874933185052993,57.29205829354254,Project,1,1,3,35-44
2023-05-21,C102,1029,8.209673922297743,80.009221199072,Project,1,1,1,18-24
2023-05-22,C102,1002,1.370618121953095,61.2500797338581,Video,1,1,4,45+
2023-05-23,C103,1005,8.347789280929202,91.86631880406487,Video,1,0,4,18-24
2023-05-24,C101,1071,8.268074237438862,66.34711248870953,Quiz,1,1,2,35-44
2023-05-25,C104,1015,1.4590657794588022,55.241710362662545,Quiz,0,1,4,35-44
2023-05-26,C102,1078,6.644446403156724,54.17652942776585,Discussion,1,1,2,35-44
2023-05-27,C105,1035,5.522077668816075,96.85615102658899,Video,1,1,1,35-44
2023-05-28,C104,1052,2.528375528545432,55.90101556209396,Text,0,1,5,35-44
2023-05-29,C102,1007,2.335410439096381,57.045488208103,Discussion,1,1,5,45+
2023-05-30,C102,1051,7.959332134603208,93.13330289663764,Video,0,1,5,18-24
2023-05-31,C103,1051,6.109234739531597,62.714406513867196,Text,0,1,1,45+
2023-06-01,C101,1029,9.846992214248791,83.2975705377208,Text,1,1,5,35-44
2023-06-02,C101,1055,9.840229995595097,90.83628435149457,Project,1,1,5,18-24
2023-06-03,C103,1011,9.934002941178397,80.35903200650961,Project,1,1,3,45+
2023-06-04,C105,1067,2.067539665291893,97.87442717239247,Text,1,1,1,35-44
2023-06-05,C101,1077,9.44430523267566,85.44414496304206,Text,0,1,5,35-44
2023-06-06,C105,1055,3.201126481185065,55.637575495182915,Discussion,1,1,3,35-44
2023-06-07,C104,1088,5.123910337827509,77.92050132729399,Text,1,1,5,35-44
2023-06-08,C104,1068,7.816659002395533,85.9093263044592,Project,1,1,2,25-34
2023-06-09,C101,1086,2.832588388695088,90.09786201867226,Project,1,1,5,25-34
2023-06-10,C101,1057,6.096804449988969,51.31606676420458,Project,0,1,3,35-44
2023-06-11,C104,1093,2.6723507340339614,85.94394576357122,Quiz,1,1,2,25-34
2023-06-12,C104,1011,1.9426249601316397,91.28404105097248,Discussion,0,1,1,25-34
2023-06-13,C101,1078,2.0490275118663868,87.34169054676782,Discussion,1,1,1,18-24
2023-06-14,C104,1082,4.21875131363397,75.61745728277991,Discussion,1,0,1,25-34
2023-06-15,C101,1089,1.0418935315346514,72.90104815444015,Quiz,1,1,5,18-24
2023-06-16,C103,1003,4.823685290815206,77.47092916499079,Discussion,1,1,3,35-44
2023-06-17,C102,1037,6.977773945730341,85.2321849413301,Quiz,1,1,1,45+
2023-06-18,C101,1007,4.615193665035899,96.14571453162426,Quiz,1,1,3,35-44
2023-06-19,C105,1029,1.772151404678516,80.85176053205625,Text,1,1,1,35-44
2023-06-20,C101,1078,1.564199758212765,94.39171531417348,Quiz,1,1,4,25-34
2023-06-21,C104,1011,3.503048614883755,85.06284237228637,Video,1,1,2,35-44
2023-06-22,C105,1073,2.5238142148924068,53.416818871942375,Video,0,1,5,18-24
2023-06-23,C105,1011,9.685854758961725,75.04140950008109,Discussion,1,0,2,25-34
2023-06-24,C102,1016,2.361072024766765,64.32431741576211,Video,1,0,2,25-34
2023-06-25,C101,1060,8.249161936644969,64.25874640662862,Text,0,1,4,18-24
2023-06-26,C103,1063,6.274971475670303,67.79637756079921,Video,0,1,3,25-34
2023-06-27,C105,1059,6.123582279858649,65.7366386000238,Quiz,1,1,2,45+
2023-06-28,C105,1001,5.608726443314061,78.93049900585501,Video,1,1,4,25-34
2023-06-29,C103,1018,9.74586768502556,84.18007501767785,Project,1,1,3,18-24
2023-06-30,C105,1053,4.27460297582474,63.437469353836775,Text,1,1,4,35-44
2023-07-01,C104,1028,8.091241758584886,56.48813112841907,Discussion,1,1,3,45+
2023-07-02,C103,1064,5.997646967202637,52.94043604672311,Project,1,0,4,25-34
2023-07-03,C104,1085,4.560703008631536,78.78764225152761,Text,1,1,2,18-24
2023-07-04,C101,1088,9.599193399752028,59.30650831665012,Text,1,1,2,25-34
2023-07-05,C101,1073,6.3848437242821845,50.46239971118497,Text,1,1,4,18-24
2023-07-06,C101,1008,2.070252479314122,96.38765396618521,Video,1,1,2,25-34
2023-07-07,C104,1082,4.757852808971709,76.85702095416202,Video,0,0,4,35-44
2023-07-08,C105,1011,8.034235549134468,54.62240901234864,Project,1,1,4,45+
2023-07-09,C105,1092,7.243723209152924,92.14605560637426,Project,1,0,5,18-24
2023-07-10,C103,1051,9.247062968529168,99.1601369145059,Quiz,1,1,1,35-44
2023-07-11,C103,1081,3.334396457273682,72.43003310088586,Quiz,1,1,2,18-24
2023-07-12,C105,1055,7.823743447184414,52.12448041190791,Quiz,0,1,4,25-34
2023-07-13,C102,1015,5.138876866550689,55.877297037803174,Text,0,1,1,25-34
2023-07-14,C104,1003,6.162487722701339,69.0826873322716,Discussion,0,1,4,45+
2023-07-15,C104,1088,9.595420129056548,94.27613187244386,Quiz,1,1,2,25-34
2023-07-16,C104,1085,9.813576879902596,57.401933963888105,Project,1,1,4,25-34
2023-07-17,C102,1028,8.754318675330072,91.19950470013478,Discussion,0,1,3,18-24
2023-07-18,C103,1058,4.231873789572666,50.74881301095097,Quiz,1,1,3,18-24
2023-07-19,C103,1085,8.989307521545879,72.86943493929056,Video,1,1,5,25-34
2023-07-20,C104,1078,6.747482598772717,82.21985704752841,Quiz,0,1,2,35-44
2023-07-21,C103,1065,4.869971024236418,53.01897410127982,Quiz,1,1,2,25-34
2023-07-22,C104,1076,1.3216841425043535,80.73813753082433,Text,0,1,1,45+
2023-07-23,C105,1011,7.931153117724239,97.22020607347781,Text,0,1,4,35-44
2023-07-24,C105,1025,5.518950226517017,58.01299600682975,Quiz,1,1,2,18-24
2023-07-25,C103,1011,8.075696495185547,86.48056915176764,Text,1,1,2,18-24
2023-07-26,C102,1090,7.7322051940894285,80.45469489717718,Video,1,1,1,25-34
2023-07-27,C103,1034,8.142106312435168,59.25581944396153,Discussion,1,1,3,25-34
2023-07-28,C101,1001,3.705860428270902,50.310170735468304,Discussion,1,0,2,45+
2023-07-29,C104,1016,8.207187391608679,50.46422252529636,Text,1,1,1,25-34
2023-07-30,C101,1001,5.939616956195506,76.60462045860143,Quiz,1,1,3,45+
2023-07-31,C103,1016,5.259935804042289,97.13897047805968,Video,1,1,2,18-24
2023-08-01,C105,1033,7.076133224386813,82.21493137328062,Video,1,1,3,25-34
2023-08-02,C104,1033,1.1922281464451348,85.71499231468718,Project,1,1,2,45+
2023-08-03,C103,1044,1.920851342988348,74.69327434602685,Text,1,1,5,25-34
2023-08-04,C102,1040,3.6295962865076983,79.09444713172849,Project,1,0,4,35-44
2023-08-05,C103,1072,9.846910989620557,56.31837626653017,Text,1,1,1,18-24
2023-08-06,C102,1077,2.257712009784595,93.84103102003154,Project,1,1,2,25-34
2023-08-07,C105,1083,3.975366706832893,88.03963143334009,Quiz,0,1,4,35-44
2023-08-08,C102,1032,1.4594775822273125,99.90994764223048,Text,1,1,5,35-44
2023-08-09,C101,1023,3.9814199226345366,64.88614737778107,Discussion,1,1,3,45+
2023-08-10,C101,1068,3.8829365785974845,61.35088858980289,Text,0,1,5,25-34
2023-08-11,C101,1031,9.521264538500699,56.258082898067144,Discussion,1,1,4,45+
2023-08-12,C101,1022,8.606386782961483,98.21048783080224,Project,1,1,1,18-24
2023-08-13,C101,1064,4.444877973184943,89.04425923140118,Project,1,1,4,35-44
2023-08-14,C102,1031,1.222921522353238,58.316230685981935,Quiz,1,1,3,18-24
2023-08-15,C101,1079,8.479280025958404,77.63432355541069,Discussion,1,1,4,35-44
2023-08-16,C104,1083,6.944825594300862,70.68841040336383,Quiz,1,1,5,35-44
2023-08-17,C102,1015,2.3712803528617874,57.57430039030964,Video,0,1,4,18-24
2023-08-18,C105,1051,9.964641439091684,58.103649251498275,Discussion,1,1,4,45+
2023-08-19,C102,1012,1.9021009368171073,98.17349973725928,Text,1,1,4,45+
2023-08-20,C103,1045,8.804030874342965,65.24820914788612,Discussion,1,1,4,35-44
2023-08-21,C105,1010,3.6483954771672007,97.07196458419716,Project,1,1,3,45+
2023-08-22,C101,1080,4.9181811969264135,53.78053365325422,Quiz,1,1,4,25-34
2023-08-23,C101,1070,8.15910874098683,73.04015211465953,Video,1,1,1,45+
2023-08-24,C103,1021,7.097575203946093,56.480952425838005,Quiz,1,1,3,25-34
2023-08-25,C101,1094,9.440779369996353,50.23936926205861,Video,0,1,3,35-44
2023-08-26,C105,1067,6.590262929143449,77.68830368530382,Project,1,1,4,45+
2023-08-27,C105,1080,1.8802914533114747,55.69470524056817,Quiz,1,1,5,25-34
2023-08-28,C105,1064,8.959243269177552,86.10122654668399,Text,1,0,4,45+
2023-08-29,C102,1001,7.9223997248973195,84.90581878534498,Text,1,1,3,18-24
2023-08-30,C102,1050,7.406834058039898,58.81664537322446,Quiz,1,1,2,18-24
2023-08-31,C105,1096,1.4836019261836184,97.08710716327583,Quiz,1,0,1,45+
2023-09-01,C102,1082,4.566004701955696,86.05217042162448,Video,1,1,5,45+
2023-09-02,C102,1082,2.506922375135853,64.89851320784649,Quiz,1,1,5,45+
2023-09-03,C104,1057,8.39713517567082,85.46168819753953,Video,1,1,5,25-34
2023-09-04,C102,1022,7.304757605360765,86.5965138840768,Quiz,1,1,3,25-34
2023-09-05,C104,1015,8.947698375872218,67.11131656254803,Quiz,1,1,5,25-34
2023-09-06,C104,1015,9.699175962317476,68.77942812307296,Discussion,1,1,5,18-24
2023-09-07,C102,1028,7.972728527732487,67.95532538266501,Video,1,1,2,45+
2023-09-08,C102,1071,9.948097748986859,80.8309221776037,Project,1,1,2,35-44
2023-09-09,C102,1027,6.53292897529869,95.02050732700897,Text,1,1,2,25-34
2023-09-10,C101,1088,1.3341664350230302,58.65966181142938,Video,1,1,5,45+
2023-09-11,C104,1057,1.128263636352663,93.75998049181592,Quiz,1,1,5,25-34
2023-09-12,C101,1058,4.078934876834098,51.382657825267124,Text,1,1,4,45+
2023-09-13,C105,1088,8.411245471607835,83.01692979891112,Quiz,1,1,3,18-24
2023-09-14,C102,1076,8.79521235692258,70.72194365948471,Project,1,1,4,45+
2023-09-15,C105,1013,9.647312759404102,89.56407761162468,Video,0,1,3,35-44
2023-09-16,C101,1018,1.5860932169393656,86.05990564654515,Video,1,1,4,18-24
2023-09-17,C104,1078,1.4011399988889768,74.0053903572592,Quiz,1,1,2,25-34
2023-09-18,C103,1078,9.219552367303303,82.19320183612983,Quiz,1,1,5,18-24
2023-09-19,C102,1020,3.7454202852657543,75.08865653499726,Video,0,1,2,35-44
2023-09-20,C105,1071,6.021886605486694,90.57592353109416,Quiz,1,1,4,18-24
2023-09-21,C105,1055,9.842003947006388,73.8041992984116,Video,1,1,3,18-24
2023-09-22,C105,1044,4.60403681262331,76.15779949960378,Discussion,1,1,1,45+
2023-09-23,C101,1091,6.9928425847885585,62.526029320858925,Project,1,1,1,35-44
2023-09-24,C101,1044,4.607916072687868,80.25215084052361,Video,0,1,5,45+
2023-09-25,C103,1015,7.913751980165017,65.14524043349175,Project,0,0,5,25-34
2023-09-26,C101,1087,5.749432530155792,78.8642007271491,Project,1,1,4,18-24
2023-09-27,C104,1075,3.1377082418771476,58.483905778703495,Discussion,1,1,3,18-24
2023-09-28,C104,1077,3.441754911326196,57.97345461705794,Video,0,1,3,35-44
2023-09-29,C105,1029,3.322532912845665,70.85148705959968,Quiz,1,1,2,25-34
2023-09-30,C102,1095,5.7908829543270475,71.34097575552704,Quiz,0,1,4,35-44
2023-10-01,C105,1082,7.328701144140979,63.405463245626954,Video,1,1,2,45+
2023-10-02,C104,1004,9.543519100388279,56.5798425183345,Video,0,1,4,45+
2023-10-03,C104,1028,7.246786375746819,51.96052696069485,Project,0,1,4,25-34
2023-10-04,C104,1065,8.030735595661517,51.26159136439081,Project,1,0,5,25-34
2023-10-05,C105,1049,2.520335042781091,63.57751450032379,Text,1,1,5,18-24
2023-10-06,C103,1049,4.366563625065931,73.09267210809686,Project,1,0,3,45+
2023-10-07,C102,1087,4.724021978724394,86.31216406530635,Video,0,1,3,25-34
2023-10-08,C103,1057,7.177422070004257,73.74358503570045,Text,1,1,5,25-34
2023-10-09,C103,1080,3.6630277873918624,95.2025409717641,Project,0,1,1,18-24
2023-10-10,C102,1041,3.729627292776995,51.76099022877035,Quiz,0,1,3,18-24
2023-10-11,C104,1090,4.203002391767813,59.033031077031715,Project,1,1,2,25-34
2023-10-12,C104,1066,8.29271873388909,66.92572463850713,Project,1,0,1,45+
2023-10-13,C105,1047,6.198310810390138,78.87480940325612,Project,1,1,2,25-34
2023-10-14,C105,1017,1.6774955184946103,92.63680789469711,Project,1,1,4,45+
2023-10-15,C103,1020,1.7042148972142193,67.51009759782882,Discussion,1,1,4,25-34
2023-10-16,C102,1038,4.341582498542493,63.399434125221006,Video,1,1,4,45+
2023-10-17,C102,1064,7.899319455455425,53.094458442144784,Text,1,1,3,35-44
2023-10-18,C101,1006,7.198150838308125,91.0651738849052,Video,1,1,3,18-24
2023-10-19,C101,1022,7.37184119186068,68.98332216033396,Project,0,1,4,25-34
2023-10-20,C103,1079,7.904890594486872,78.57750977084672,Quiz,1,1,3,25-34
2023-10-21,C105,1074,3.5843744159769644,99.17777090856102,Text,1,1,3,18-24
2023-10-22,C104,1034,5.9343065374787916,50.07972853021473,Video,1,1,2,45+
2023-10-23,C104,1040,5.890173762850926,57.272507034943295,Quiz,1,1,5,25-34
2023-10-24,C103,1038,7.656692510619544,88.95554970096778,Project,0,1,4,25-34
2023-10-25,C102,1021,9.611835121950817,90.2563742603919,Quiz,1,1,1,25-34
2023-10-26,C101,1034,3.501909503159193,88.46235595163778,Video,1,0,5,45+
2023-10-27,C105,1032,8.139535054813434,76.84994455214147,Text,1,1,5,25-34
2023-10-28,C102,1042,6.939734936709362,98.9428490511528,Video,1,1,2,35-44
2023-10-29,C105,1044,6.222140837771141,69.80922799976602,Quiz,1,1,4,25-34
2023-10-30,C105,1099,7.9739180141266175,80.09718490565561,Quiz,1,1,1,25-34
2023-10-31,C103,1041,9.496292197852894,53.16845022744241,Video,1,1,1,18-24
2023-11-01,C101,1027,1.330222760824717,70.49287249536694,Video,1,1,2,45+
2023-11-02,C101,1048,2.326600922618986,86.1250043754961,Video,1,1,5,35-44
2023-11-03,C104,1010,7.806585083510042,61.936942038534966,Quiz,1,1,2,18-24
2023-11-04,C102,1068,1.7541221761907608,97.19137945365742,Discussion,1,1,1,45+
2023-11-05,C102,1017,5.645113306669837,84.33916838216446,Video,1,1,5,45+
2023-11-06,C101,1003,2.9787469897744625,64.37876914287857,Project,1,1,5,25-34
2023-11-07,C105,1094,3.4686613345847634,88.44994613529282,Quiz,0,1,2,18-24
2023-11-08,C104,1087,7.316564346499746,54.15823859040545,Discussion,0,1,4,45+
2023-11-09,C104,1029,1.2717349594184046,98.73872112552283,Text,1,1,3,35-44
2023-11-10,C105,1030,8.859874851117134,52.464262953677924,Discussion,1,1,5,25-34
2023-11-11,C104,1075,5.00031059817043,96.67279455743592,Text,0,1,5,25-34
2023-11-12,C105,1066,5.52153964516391,62.64269388741306,Discussion,1,1,3,25-34
2023-11-13,C104,1093,5.860431673243227,87.89120538454452,Quiz,0,1,1,25-34
2023-11-14,C101,1060,6.809898651215446,50.003684971655304,Project,1,1,3,35-44
2023-11-15,C104,1007,4.1037092796047325,62.71200445897998,Quiz,0,1,2,25-34
2023-11-16,C104,1051,1.909967415071422,87.45503033248599,Discussion,1,1,5,45+
2023-11-17,C102,1073,3.865410429995589,76.61680354486612,Discussion,1,1,5,18-24
2023-11-18,C104,1087,2.513279062205383,55.747607481855745,Text,1,1,4,45+
2023-11-19,C105,1064,6.005198615054265,69.68148729186376,Video,1,1,1,25-34
2023-11-20,C101,1017,3.8622576786434784,68.77746775422713,Quiz,0,1,2,18-24
2023-11-21,C104,1040,9.622604601940914,78.40811220904749,Text,1,1,3,25-34
2023-11-22,C101,1021,9.691608501822525,83.3988536230109,Discussion,0,1,1,25-34
2023-11-23,C101,1094,6.581132925114173,92.0415121206125,Discussion,1,1,1,35-44
2023-11-24,C104,1026,6.557475409005574,74.86156984886863,Video,1,1,2,35-44
2023-11-25,C102,1015,9.868407081103953,69.60108586525851,Quiz,0,1,4,45+
2023-11-26,C103,1017,8.985548361116674,57.19882670476908,Discussion,1,1,2,35-44
2023-11-27,C104,1010,7.88562954242326,90.24114824948612,Project,1,1,2,18-24
2023-11-28,C103,1017,3.822315505684311,85.668520270728,Video,1,1,4,18-24
2023-11-29,C104,1003,4.289851253062688,70.43386987273426,Video,1,1,1,18-24
2023-11-30,C101,1073,2.811400891847789,75.92161549713347,Text,1,1,1,25-34
2023-12-01,C104,1029,5.384333142256372,83.25914222059444,Text,1,0,3,25-34
2023-12-02,C103,1067,9.913316699256216,58.24027949237689,Text,0,1,4,25-34
2023-12-03,C101,1071,9.209358577104299,51.35988972039601,Discussion,1,1,1,25-34
2023-12-04,C104,1080,2.0651449061752216,65.87518495933428,Video,0,1,1,35-44
2023-12-05,C102,1098,1.2267126036145553,79.77925098180815,Quiz,1,1,4,25-34
2023-12-06,C105,1004,9.087739015674396,74.33030456407293,Project,1,1,5,18-24
2023-12-07,C104,1061,5.834531151538367,84.62773134315636,Discussion,1,1,1,45+
2023-12-08,C102,1090,2.8017089938761055,90.98449027872675,Discussion,1,1,4,45+
2023-12-09,C103,1006,7.062879426261718,74.42212333651379,Quiz,1,1,5,45+
2023-12-10,C102,1032,6.79800860136838,56.71335118589124,Discussion,0,1,5,18-24
2023-12-11,C105,1081,2.0987704615282046,92.5313999899483,Quiz,1,1,1,45+
2023-12-12,C102,1037,3.3364021014785754,78.74951636370572,Quiz,1,1,3,25-34
2023-12-13,C104,1027,1.5407016788193215,86.99687403914353,Video,1,1,2,35-44
2023-12-14,C102,1051,2.8887442648312778,85.23323268041457,Discussion,1,1,3,45+
2023-12-15,C104,1078,2.190751073677566,98.41058856656208,Discussion,1,1,3,35-44
2023-12-16,C103,1059,2.739126632271005,64.7653661167907,Project,1,1,1,45+
2023-12-17,C105,1086,7.169204313218053,85.2653386389631,Quiz,1,1,4,35-44
2023-12-18,C102,1095,1.4454976983496097,68.28381665629591,Project,0,1,4,35-44
2023-12-19,C105,1008,1.9166915372339484,69.77053604593209,Project,1,1,5,25-34
2023-12-20,C102,1056,2.2075627427045887,61.52973183293607,Project,1,1,3,35-44
2023-12-21,C105,1029,3.8488700886232063,67.2005087825427,Text,1,1,2,35-44
2023-12-22,C102,1028,3.688752797667468,97.41483758291315,Video,1,1,5,45+
2023-12-23,C103,1095,3.295574067849755,64.62854234738005,Quiz,1,1,2,25-34
2023-12-24,C103,1034,7.754829880891746,62.299530297829335,Discussion,1,1,5,18-24
2023-12-25,C104,1058,9.982205089822905,79.1568989236911,Text,1,1,4,25-34
2023-12-26,C102,1081,5.805801312659162,62.90179783708773,Text,1,1,1,18-24
2023-12-27,C103,1092,9.497824461225479,73.66928627971475,Text,0,1,2,45+
2023-12-28,C103,1016,4.569491009134582,91.70881282781184,Discussion,1,0,1,45+
2023-12-29,C105,1072,1.960142021224421,61.52001571535878,Text,0,1,5,25-34
2023-12-30,C103,1059,4.678964465228535,71.334570609196,Text,1,1,5,35-44
2023-12-31,C103,1007,3.66514996073224,80.52448675100159,Discussion,1,1,1,45+
2024-01-01,C104,1012,5.440662660602603,77.28144622867427,Video,1,0,4,35-44
2024-01-02,C101,1032,6.913393092247809,98.73616187076186,Text,1,1,2,35-44
2024-01-03,C105,1084,5.149451972371674,84.01851271975976,Quiz,1,1,1,18-24
2024-01-04,C103,1075,9.41644460870043,86.99731210242199,Video,0,1,5,18-24
2024-01-05,C101,1093,8.96288340069442,98.34779739833667,Discussion,1,1,2,25-34
2024-01-06,C101,1040,7.317798356495775,70.72190126142605,Video,1,0,2,45+
2024-01-07,C103,1000,5.407164211280942,67.76899075305256,Video,1,0,3,18-24
2024-01-08,C104,1084,2.185185536330112,52.19312148831913,Project,1,1,2,25-34
2024-01-09,C102,1092,4.5731230009987005,59.210215325941356,Discussion,1,1,4,25-34
2024-01-10,C104,1077,7.339613854610563,61.85948160258379,Video,1,1,1,45+
2024-01-11,C103,1037,3.5639696849835807,59.17522335356693,Discussion,1,1,4,45+
2024-01-12,C105,1047,1.9358926978907838,87.73919465982823,Text,0,1,3,18-24
2024-01-13,C102,1061,9.171086117595653,76.79414906380558,Discussion,1,1,4,45+
2024-01-14,C102,1050,7.3814572883399014,83.38169007292336,Video,0,1,2,45+
2024-01-15,C103,1068,6.537487839715874,91.02310804196868,Discussion,1,1,2,25-34
2024-01-16,C103,1076,8.13249015048025,61.53869706429474,Project,1,1,2,35-44
2024-01-17,C105,1057,8.52081433825128,66.29619699107495,Project,1,1,1,18-24
2024-01-18,C104,1004,5.3511309835392105,85.41801335182984,Project,0,1,5,35-44
2024-01-19,C105,1036,8.93069426268496,69.63794729522364,Discussion,1,1,5,25-34
2024-01-20,C103,1080,9.247771096309949,51.463547005052206,Video,1,1,3,18-24
2024-01-21,C105,1082,3.4439598588230327,71.74776095134389,Text,1,1,4,35-44
2024-01-22,C103,1037,6.467908238117149,95.41365432077072,Quiz,1,0,5,45+
2024-01-23,C102,1094,5.739256259384223,70.45107557964373,Text,0,1,1,45+
2024-01-24,C105,1035,5.841512012367122,66.61244582213735,Project,1,1,2,25-34
2024-01-25,C101,1048,9.43896784568106,99.47625414725135,Video,1,1,3,45+
2024-01-26,C102,1000,3.746698324237261,82.22077821185066,Discussion,0,1,2,18-24
2024-01-27,C101,1049,9.850905804111186,68.29990132355904,Discussion,1,0,1,18-24
2024-01-28,C103,1057,9.11918093323809,55.10097656819037,Video,1,1,2,45+
2024-01-29,C101,1009,5.128505997521524,89.39247224732105,Video,1,1,1,35-44
2024-01-30,C104,1050,8.357079372563495,85.40374667438788,Project,0,1,4,35-44
2024-01-31,C103,1097,7.921422948881265,96.09578996242824,Project,0,1,1,25-34
2024-02-01,C101,1048,7.101054726566691,60.86378150140042,Video,1,1,4,25-34
2024-02-02,C103,1012,3.8785050044483884,55.7462174994116,Project,1,1,4,18-24
2024-02-03,C104,1070,2.7680589263885853,86.20362632045318,Quiz,1,1,4,18-24
2024-02-04,C101,1036,7.043749270891824,60.16979209993478,Discussion,0,1,2,45+
2024-02-05,C101,1099,8.586759667609758,58.805191889474806,Project,0,1,2,25-34
2024-02-06,C102,1036,1.1462750980963272,65.9903667698036,Project,1,1,2,45+
2024-02-07,C101,1030,6.7852303777766085,90.84125707392188,Project,1,1,3,35-44
2024-02-08,C101,1019,4.985857221599912,76.97683025548153,Video,1,1,3,35-44
2024-02-09,C103,1038,9.082789796142853,52.29251775511405,Quiz,1,1,5,18-24
2024-02-10,C104,1044,3.8932563776878473,73.19473373296586,Project,1,1,3,45+
2024-02-11,C105,1035,5.267663310372596,84.19898056832376,Quiz,1,1,2,45+
2024-02-12,C104,1014,5.632903936316677,76.91842192345078,Quiz,0,1,3,18-24
2024-02-13,C104,1029,2.2639556923394766,78.6225109078278,Video,1,1,3,35-44
2024-02-14,C101,1051,7.416030724290157,61.23886641963323,Project,1,1,3,25-34
2024-02-15,C105,1060,8.474287106088637,92.3869665797674,Quiz,1,1,5,18-24
2024-02-16,C105,1081,1.521183492066342,78.06993587955621,Project,1,1,4,18-24
2024-02-17,C104,1067,3.6224993848321247,85.66230065203384,Project,0,1,2,18-24
2024-02-18,C103,1029,1.3424021338155212,99.09321085066513,Text,1,1,2,18-24
2024-02-19,C105,1027,9.608896942194182,71.40993288372661,Discussion,1,1,5,18-24
2024-02-20,C105,1003,7.004519386334412,94.05333063382542,Project,0,1,1,18-24
2024-02-21,C104,1033,9.677803775093034,50.36405069705625,Video,0,1,4,35-44
2024-02-22,C102,1051,5.78344850498177,51.670364630756005,Discussion,1,1,5,35-44
2024-02-23,C105,1027,8.218616715060525,79.51399608644084,Video,1,1,2,45+
2024-02-24,C104,1056,4.36972585491766,65.57246977711003,Video,1,1,3,25-34
2024-02-25,C102,1021,4.184371293153768,62.413828350985014,Video,1,1,5,35-44
2024-02-26,C104,1039,4.4044103539461945,63.89676786044793,Text,1,1,1,45+
2024-02-27,C104,1074,6.920759203537854,65.92014673052938,Discussion,1,1,5,35-44
2024-02-28,C103,1029,4.23507835919487,86.44738480717115,Video,1,1,1,45+
2024-02-29,C101,1029,9.103307064438031,78.45979861154723,Text,0,1,5,25-34
2024-03-01,C102,1061,9.849473785451398,89.45179862796667,Discussion,1,1,1,45+
2024-03-02,C101,1058,1.273838638033053,91.5098289917526,Video,1,1,5,18-24
2024-03-03,C102,1024,2.7426096136224682,92.1467429650641,Video,1,1,1,35-44
2024-03-04,C102,1016,2.010249933286474,70.73220745874438,Project,0,1,1,35-44
2024-03-05,C105,1064,1.3812764238229893,71.06366981582055,Discussion,1,1,5,45+
2024-03-06,C103,1098,3.0496689401255783,96.3132940070292,Quiz,1,1,2,25-34
2024-03-07,C103,1013,5.02113988332173,83.08817973022052,Video,1,1,5,25-34
2024-03-08,C104,1001,8.532913287598154,54.02335919895694,Video,0,1,2,35-44
2024-03-09,C101,1002,2.996416274589965,77.10934770462342,Video,1,0,1,18-24
2024-03-10,C104,1066,5.445507300959811,67.80036298174535,Project,1,1,5,18-24
2024-03-11,C103,1019,9.36656865502079,99.37174948581816,Project,1,1,1,25-34
2024-03-12,C104,1076,7.004932361080074,50.68277032311463,Project,0,1,2,45+
2024-03-13,C103,1030,8.182711177803977,80.6090436535279,Discussion,1,1,5,45+
2024-03-14,C103,1039,5.958945731669376,86.18115471994291,Text,1,1,5,25-34
2024-03-15,C102,1085,9.82419812956567,64.44533856786776,Discussion,1,1,5,18-24
2024-03-16,C104,1077,6.297959392133268,98.6820759128266,Text,1,1,4,45+
2024-03-17,C102,1049,1.4095964256633238,92.97683135108556,Quiz,0,1,2,45+
2024-03-18,C104,1026,2.7818451994581537,95.78264204929063,Discussion,1,1,1,35-44
2024-03-19,C103,1012,4.642962660614332,50.96160296757743,Video,1,1,1,35-44
2024-03-20,C103,1064,6.411494553163987,78.49360756574045,Quiz,1,1,5,25-34
2024-03-21,C105,1001,7.947377806680639,64.73251209772734,Video,1,1,3,45+
2024-03-22,C102,1036,4.717775133134976,92.45143174678314,Text,1,1,3,45+
2024-03-23,C101,1010,7.390524745141198,81.64248284574812,Project,0,1,4,35-44
2024-03-24,C104,1032,8.108825527982125,76.94385021605548,Text,1,1,1,18-24
2024-03-25,C101,1028,3.855341775249845,55.72940848378028,Discussion,1,1,5,45+
2024-03-26,C105,1058,9.813432160322368,77.01114023930954,Quiz,1,1,4,35-44
2024-03-27,C103,1066,6.84690845712252,81.59520731782133,Quiz,1,1,5,45+
2024-03-28,C102,1092,8.928982547075181,97.79561546551022,Quiz,1,1,1,25-34
2024-03-29,C101,1065,6.0034391992774605,79.25255052119347,Text,1,1,3,25-34
2024-03-30,C102,1077,7.6744279643709135,98.37003008728273,Discussion,1,1,2,25-34
2024-03-31,C103,1083,7.934896554547288,98.0803057803331,Project,1,1,2,35-44
2024-04-01,C102,1047,9.17423541311121,82.51001679167987,Quiz,1,0,5,18-24
2024-04-02,C102,1081,2.353147811842333,75.29539920590443,Project,1,1,4,35-44
2024-04-03,C104,1036,6.024550817523236,73.30108719130247,Quiz,1,1,2,45+
2024-04-04,C101,1071,4.855406617952706,94.51892805578913,Quiz,1,1,4,35-44
2024-04-05,C105,1053,9.308431190563663,51.41283414858784,Text,1,1,1,25-34
2024-04-06,C102,1070,1.9458522482409928,55.690409901178576,Video,1,1,5,45+
2024-04-07,C102,1009,9.843164998128215,55.10358645595759,Quiz,1,1,4,45+
2024-04-08,C105,1015,8.879061916839667,87.84676625605273,Video,1,1,5,35-44
2024-04-09,C101,1018,1.6644365340782368,66.98255119262674,Text,0,0,2,35-44
2024-04-10,C103,1029,5.41869746986427,81.89842723703505,Quiz,0,1,3,45+
2024-04-11,C104,1053,7.458035501912733,80.18914519212828,Discussion,0,1,1,45+
2024-04-12,C105,1060,7.643363911219508,69.29139848712659,Quiz,1,1,2,45+
2024-04-13,C102,1042,9.158447127141287,76.57838611211993,Quiz,1,1,5,25-34
2024-04-14,C103,1082,8.198788920240798,82.256926678583,Discussion,1,1,4,25-34
2024-04-15,C104,1002,3.7983734230968054,97.04751649390691,Discussion,1,1,5,45+
2024-04-16,C105,1029,5.485913072762071,78.78170364304907,Quiz,1,1,4,18-24
2024-04-17,C102,1017,7.3160718664226865,80.71837558841571,Project,0,1,5,35-44
2024-04-18,C101,1035,2.245931572279163,53.392790885188774,Text,0,1,1,18-24
2024-04-19,C105,1019,2.745917178401776,97.6107907380056,Project,1,1,3,25-34
2024-04-20,C102,1016,5.329382032988853,76.40409639546931,Quiz,1,1,4,45+
2024-04-21,C103,1023,3.6842121883496146,90.0636709929961,Video,1,1,2,35-44
2024-04-22,C105,1012,8.763033248056855,52.514553157369456,Discussion,1,1,3,45+
2024-04-23,C104,1099,6.276495893685562,71.04550678685455,Discussion,0,1,1,18-24
2024-04-24,C101,1056,4.137986779465309,62.84877295763508,Video,1,1,4,35-44
2024-04-25,C105,1066,8.63949723043969,63.3487949344295,Text,1,1,5,45+
2024-04-26,C105,1020,8.24390603698815,89.57268649804647,Text,1,1,5,35-44
2024-04-27,C101,1003,9.985193893893426,81.19333626344267,Quiz,1,0,3,25-34
2024-04-28,C103,1081,8.625769195003613,71.9872655921424,Quiz,0,1,5,35-44
2024-04-29,C104,1044,4.7301088132511175,50.52928697931967,Discussion,0,1,3,45+
2024-04-30,C102,1038,2.1474899359298965,98.2463971472765,Video,1,1,3,18-24
2024-05-01,C103,1042,8.565768173804301,98.10116266778618,Video,1,1,2,45+
2024-05-02,C102,1074,1.5378212616435458,60.87761051400192,Project,1,1,2,25-34
2024-05-03,C104,1037,4.152440866103688,52.06731861582784,Text,1,1,2,45+
2024-05-04,C103,1040,9.277641826941464,76.50996815059511,Text,1,1,5,35-44
2024-05-05,C105,1027,9.646898261005907,97.57054073082038,Quiz,1,1,4,18-24
2024-05-06,C103,1004,6.765081341690966,95.51979228824675,Quiz,0,1,4,35-44
2024-05-07,C102,1051,7.197834852853422,79.23314319446983,Text,1,1,2,35-44
2024-05-08,C105,1022,1.3820903985297024,65.17744253268536,Project,1,1,2,18-24
2024-05-09,C101,1037,5.630323069805931,66.4980441884598,Quiz,1,1,4,18-24
2024-05-10,C103,1035,5.921813609257071,94.89567757430137,Quiz,1,1,2,25-34
2024-05-11,C103,1030,4.060906715117,74.58920178177884,Project,1,0,3,25-34
2024-05-12,C105,1007,1.617371512784959,56.55581144835728,Discussion,1,1,1,35-44
2024-05-13,C103,1088,3.060168397519546,62.42127379868037,Text,1,1,3,45+
2024-05-14,C105,1088,4.221855431750767,63.83974507337496,Video,1,1,4,25-34
2024-05-15,C101,1015,4.916277878646967,56.177334246595464,Video,0,1,2,45+
2024-05-16,C103,1010,6.318340529802122,73.15221907606457,Video,1,1,1,35-44
2024-05-17,C102,1019,7.501523668284127,95.80254541374956,Video,1,1,2,45+
2024-05-18,C103,1077,3.8586868594655153,83.43912714961304,Video,0,1,3,25-34
2024-05-19,C105,1056,3.960583839270848,53.62369621244281,Discussion,1,1,2,35-44
2024-05-20,C105,1018,1.1772247845133335,50.27474089045813,Text,0,1,3,45+
2024-05-21,C102,1071,1.3678737408461648,63.812383373462715,Quiz,1,1,1,25-34
2024-05-22,C102,1060,3.3203952487768276,68.13464673969702,Video,1,1,5,25-34
2024-05-23,C105,1024,7.66220497907461,88.83748345233879,Project,0,1,5,35-44
2024-05-24,C105,1032,6.65482447336521,98.35027619651834,Video,1,1,1,45+
2024-05-25,C103,1039,7.928101186100513,69.37835867117718,Discussion,1,1,2,18-24
2024-05-26,C105,1016,7.920274925933396,84.33450149084305,Text,1,1,5,25-34
2024-05-27,C102,1052,8.709107209023712,99.74509536764816,Project,1,1,3,35-44
2024-05-28,C103,1090,7.4828733938819525,87.28332919375072,Video,1,1,5,35-44
2024-05-29,C105,1080,9.811098271007406,81.80947745429222,Discussion,1,1,3,35-44
2024-05-30,C101,1046,9.089426973716357,53.90374270891522,Video,1,1,1,18-24
2024-05-31,C102,1096,6.280454496009108,66.16076005973652,Video,1,1,5,18-24
2024-06-01,C101,1094,6.293419034420546,95.66960792285785,Project,1,1,1,25-34
2024-06-02,C103,1084,1.3084033631700653,60.050274084045284,Discussion,1,1,4,35-44
2024-06-03,C102,1023,9.986739199375188,92.1795179636604,Text,1,1,1,45+
2024-06-04,C103,1015,2.184183976295276,84.81618425402527,Discussion,0,1,5,18-24
2024-06-05,C104,1044,7.663124769684328,68.31621854153774,Text,1,0,3,18-24
2024-06-06,C102,1083,8.38913675611878,76.45871348563283,Text,1,1,1,18-24
2024-06-07,C103,1055,4.357490763746829,77.14032343764067,Text,1,1,5,18-24
2024-06-08,C101,1098,2.771668491987824,85.70268925369432,Text,1,1,2,45+
2024-06-09,C103,1027,1.8888389811149953,75.8277970549598,Discussion,1,0,3,35-44
2024-06-10,C105,1045,7.7374540524662,56.65379950920831,Project,0,0,2,25-34
2024-06-11,C105,1098,5.073881762851261,88.67273357609562,Text,0,1,2,45+
2024-06-12,C101,1081,7.423459831010221,70.31362484530594,Quiz,1,1,4,18-24
2024-06-13,C103,1087,9.238668839666206,98.15469451059636,Text,1,1,1,25-34
2024-06-14,C102,1027,2.31925362535951,64.17568911465172,Quiz,1,1,2,18-24
2024-06-15,C101,1077,9.272539006514197,63.15393901482923,Video,0,1,3,45+
2024-06-16,C103,1048,4.70463813557593,66.67536978375914,Text,1,1,2,18-24
2024-06-17,C104,1087,3.7474030890756014,78.61585079793127,Quiz,1,1,4,25-34
2024-06-18,C105,1094,9.487560345425011,94.74348701004912,Text,1,1,5,25-34
2024-06-19,C101,1005,9.915865233457595,58.81408200700074,Discussion,1,1,3,35-44
2024-06-20,C103,1097,2.7900299599070335,63.983939879961014,Project,1,1,3,35-44
2024-06-21,C104,1098,6.9115451225678495,79.08399215739308,Video,1,0,5,45+
2024-06-22,C105,1028,1.9584578239395434,72.71671210807575,Project,1,1,4,35-44
2024-06-23,C104,1065,6.858226034717552,72.36614436278627,Project,0,1,4,35-44
2024-06-24,C101,1068,8.445819049982648,91.03671310482032,Discussion,1,1,1,25-34
2024-06-25,C103,1085,7.160486918716608,96.19391512556805,Quiz,0,1,3,25-34
2024-06-26,C104,1072,4.755998278563362,74.06534830349409,Video,1,1,1,45+
2024-06-27,C104,1033,4.447597236073926,84.36758977236369,Project,1,1,2,18-24
2024-06-28,C104,1099,4.538101737010754,90.0529355513697,Text,1,1,1,45+
2024-06-29,C102,1048,6.307406361936309,75.91832051935819,Quiz,1,1,1,25-34
2024-06-30,C104,1099,8.93410543065246,64.71582044768677,Video,0,1,5,18-24
